<?xml version="1.0" encoding="UTF-8"?>
<root>
  <item name="com.braintreepayments.api.BraintreePaymentActivity com.braintreepayments.api.BraintreeFragment getBraintreeFragment()">
    <annotation name="android.support.annotation.VisibleForTesting" />
  </item>
  <item name="com.braintreepayments.api.BraintreePaymentActivity java.lang.String getAuthorization()">
    <annotation name="android.support.annotation.VisibleForTesting" />
  </item>
  <item name="com.braintreepayments.api.BraintreePaymentActivity mBraintreeFragment">
    <annotation name="android.support.annotation.VisibleForTesting" />
  </item>
  <item name="com.braintreepayments.api.PaymentButton mBraintreeFragment">
    <annotation name="android.support.annotation.VisibleForTesting" />
  </item>
</root>

